"","age","purchase"
"1",27.1787093229522,0
"2",28.4335847261094,0
"3",29.0602603130576,0
"4",29.3166580863285,0
"5",29.4094952474792,0
"6",29.5388017656475,1
"7",30.0130891668357,0
"8",30.1808352943417,1
"9",30.2207290699572,0
"10",30.4612947186969,0
"11",31.0440296066336,1
"12",31.2519757827517,1
"13",31.480263941684,0
"14",31.6542634400041,1
"15",31.8473884461781,1
"16",32.1255954645108,1
"17",32.3397426106735,0
"18",33.3593395061639,1
"19",34.1821645512172,1
"20",35.1047572349147,1
